{
    "train": {
        "loss": 0.04025306552648544,
        "acc": 0.9864166378974915
    },
    "eval": {
        "loss": 0.03704464063048363,
        "acc": 0.9873999953269958
    },
    "step": 9
}