{
    "train": {
        "loss": 0.02566339261829853,
        "acc": 0.9916499853134155
    },
    "eval": {
        "loss": 0.03324693813920021,
        "acc": 0.9898999929428101
    },
    "step": 9
}