{
    "train": {
        "loss": 0.011526978574693203,
        "acc": 0.9958833456039429
    },
    "eval": {
        "loss": 0.04211734980344772,
        "acc": 0.9883000254631042
    },
    "step": 9
}