{
    "train": {
        "loss": 0.009061959572136402,
        "acc": 0.996649980545044
    },
    "eval": {
        "loss": 0.03719571977853775,
        "acc": 0.989300012588501
    },
    "step": 9
}