{
    "train": {
        "loss": 0.01649395003914833,
        "acc": 0.9947166442871094
    },
    "eval": {
        "loss": 0.04013361409306526,
        "acc": 0.987500011920929
    },
    "step": 9
}