{
    "train": {
        "loss": 0.03015276975929737,
        "acc": 0.9901999831199646
    },
    "eval": {
        "loss": 0.03283250704407692,
        "acc": 0.9884999990463257
    },
    "step": 9
}