step	eval/acc
0	0.9797000288963318
1	0.9832000136375427
2	0.986299991607666
3	0.9873999953269958
4	0.9864000082015991
5	0.9886999726295471
6	0.9873999953269958
7	0.9879999756813049
8	0.989799976348877
9	0.9883000254631042
