step	eval/acc
0	0.9714000225067139
1	0.9789000153541565
2	0.9830999970436096
3	0.9836000204086304
4	0.9843999743461609
5	0.9854999780654907
6	0.987500011920929
7	0.9873999953269958
8	0.9883000254631042
9	0.9884999990463257
