step	eval/acc
0	0.9747999906539917
1	0.9807999730110168
2	0.9840999841690063
3	0.9850999712944031
4	0.9871000051498413
5	0.9878000020980835
6	0.9879000186920166
7	0.9864000082015991
8	0.989300012588501
9	0.987500011920929
