step	eval/acc
0	0.9803000092506409
1	0.9853000044822693
2	0.9847999811172485
3	0.9872999787330627
4	0.9857000112533569
5	0.9865999817848206
6	0.9864000082015991
7	0.9883000254631042
8	0.9871000051498413
9	0.989300012588501
