step	eval/acc
0	0.9699000120162964
1	0.980400025844574
2	0.9832000136375427
3	0.9850999712944031
4	0.98580002784729
5	0.9869999885559082
6	0.9865999817848206
7	0.9876000285148621
8	0.9889000058174133
9	0.9898999929428101
