step	eval/acc
0	0.9714000225067139
1	0.9751999974250793
2	0.9796000123023987
3	0.9829999804496765
4	0.9850999712944031
5	0.9847999811172485
6	0.9865000247955322
7	0.9866999983787537
8	0.9872000217437744
9	0.9873999953269958
