step	eval/loss
0	0.09563567489385605
1	0.07312701642513275
2	0.06155989319086075
3	0.05411013215780258
4	0.047508738934993744
5	0.04355143383145332
6	0.03965673968195915
7	0.03861255943775177
8	0.03601614758372307
9	0.03704464063048363
