step	eval/loss
0	0.06167972460389137
1	0.04504022002220154
2	0.04568329080939293
3	0.03836723417043686
4	0.04637962952256203
5	0.038971196860075
6	0.04548148065805435
7	0.040312279015779495
8	0.04412411153316498
9	0.03719571977853775
