step	eval/loss
0	0.07889001816511154
1	0.05688707157969475
2	0.04958752542734146
3	0.04090159013867378
4	0.037420887500047684
5	0.035457544028759
6	0.03649052977561951
7	0.03971000760793686
8	0.03368639573454857
9	0.04013361409306526
