step	eval/loss
0	0.06811005622148514
1	0.05134700983762741
2	0.040205951780080795
3	0.03825587034225464
4	0.04083321988582611
5	0.035041842609643936
6	0.03885452821850777
7	0.03930109366774559
8	0.035925090312957764
9	0.04211734980344772
