step	eval/loss
0	0.10420810431241989
1	0.060267649590969086
2	0.04986673220992088
3	0.04543902352452278
4	0.04044540226459503
5	0.03650233894586563
6	0.04059763625264168
7	0.03739062324166298
8	0.033775944262742996
9	0.03324693813920021
