step	eval/loss
0	0.10040449351072311
1	0.07064469903707504
2	0.052014995366334915
3	0.04661461338400841
4	0.04478233680129051
5	0.03905178979039192
6	0.03527041897177696
7	0.03487597778439522
8	0.036022722721099854
9	0.03283250704407692
