step	train/acc
0	0.952049970626831
1	0.9824000000953674
2	0.9879166483879089
3	0.9909999966621399
4	0.9935333132743835
5	0.994949996471405
6	0.995283305644989
7	0.9964333176612854
8	0.9973833560943604
9	0.996649980545044
