step	train/acc
0	0.916700005531311
1	0.964900016784668
2	0.9736666679382324
3	0.9776166677474976
4	0.9802833199501038
5	0.9837499856948853
6	0.9860333204269409
7	0.9869499802589417
8	0.9891666769981384
9	0.9901999831199646
