step	train/acc
0	0.9202666878700256
1	0.9688166379928589
2	0.9759500026702881
3	0.980650007724762
4	0.9831833243370056
5	0.9863666892051697
6	0.987666666507721
7	0.989216685295105
8	0.9903333187103271
9	0.9916499853134155
