step	train/acc
0	0.9362166523933411
1	0.9757500290870667
2	0.9825166463851929
3	0.9863499999046326
4	0.9885666370391846
5	0.9898166656494141
6	0.9916333556175232
7	0.9924666881561279
8	0.9940166473388672
9	0.9947166442871094
