step	train/acc
0	0.9450333118438721
1	0.9799166917800903
2	0.9856666922569275
3	0.9882500171661377
4	0.9911166429519653
5	0.9921166896820068
6	0.9936666488647461
7	0.9951333403587341
8	0.9952666759490967
9	0.9958833456039429
