step	train/loss
0	0.16196724772453308
1	0.05791071429848671
2	0.03919249027967453
3	0.02839985303580761
4	0.020122218877077103
5	0.016079217195510864
6	0.013831019401550293
7	0.01060856506228447
8	0.008385345339775085
9	0.009061959572136402
