step	train/loss
0	0.29410770535469055
1	0.12063909322023392
2	0.09519203007221222
3	0.08043961226940155
4	0.0718928873538971
5	0.06314778327941895
6	0.05412913113832474
7	0.04766415059566498
8	0.04210742935538292
9	0.04025306552648544
