step	train/loss
0	0.21501056849956512
1	0.07904058694839478
2	0.05725489556789398
3	0.044566743075847626
4	0.03495585173368454
5	0.030298007652163506
6	0.025433024391531944
7	0.022192608565092087
8	0.01883213222026825
9	0.01649395003914833
