step	train/loss
0	0.2701352536678314
1	0.10486017912626266
2	0.07738655805587769
3	0.06235096603631973
4	0.05331360921263695
5	0.04219859093427658
6	0.038648467510938644
7	0.03257797285914421
8	0.02916422300040722
9	0.02566339261829853
