step	train/loss
0	0.2800039052963257
1	0.11734072864055634
2	0.08679831773042679
3	0.07162000238895416
4	0.06088714674115181
5	0.05181034654378891
6	0.0437469482421875
7	0.03909894451498985
8	0.03266918286681175
9	0.03015276975929737
